<?xml version="1.0" encoding="UTF-8"?>
<project-private xmlns="http://www.netbeans.org/ns/project-private/1">
    <editor-bookmarks xmlns="http://www.netbeans.org/ns/editor-bookmarks/2" lastBookmarkId="0"/>
    <open-files xmlns="http://www.netbeans.org/ns/projectui-open-files/2">
        <group>
            <file>file:/C:/Users/linac/OneDrive/Documentos/NetBeansProjects/CineDB/src/app/Main.java</file>
            <file>file:/C:/Users/linac/OneDrive/Documentos/NetBeansProjects/CineDB/src/dao/DatabaseConnection.java</file>
            <file>file:/C:/Users/linac/OneDrive/Documentos/NetBeansProjects/CineDB/src/view/MainFrame.java</file>
            <file>file:/C:/Users/linac/OneDrive/Documentos/NetBeansProjects/CineDB/src/dao/PeliculaDAO.java</file>
            <file>file:/C:/Users/linac/OneDrive/Documentos/NetBeansProjects/CineDB/src/controller/PeliculaController.java</file>
            <file>file:/C:/Users/linac/OneDrive/Documentos/NetBeansProjects/CineDB/src/view/PeliculaTM.java</file>
            <file>file:/C:/Users/linac/OneDrive/Documentos/NetBeansProjects/CineDB/test/TestConnection.java</file>
        </group>
    </open-files>
</project-private>
